title,url,time_published,authors,summary,banner_image,source,category_within_source,source_domain,topics,overall_sentiment_score,overall_sentiment_label,ticker_sentiment
FINX Stock Price Today | Global X FinTech ETF,https://ca.investing.com/etfs/global-x-fintech-thematic,20170301T033927,[],"This article provides detailed information on the Global X FinTech ETF (FINX), including its current stock price, historical data, and key statistics. It also features news and analysis related to fintech companies and ETFs, along with technical analysis and performance metrics for FINX. Investors can find details on holdings, dividends, and expert opinions regarding the ETF's outlook.",,Investing.com Canada,General,Investing.com Canada,"[{'topic': 'financial_markets', 'relevance_score': '0.932296'}, {'topic': 'technology', 'relevance_score': '0.832458'}, {'topic': 'finance', 'relevance_score': '0.715924'}]",0.145518,Neutral,"[{'ticker': 'FINX', 'relevance_score': '1.000000', 'ticker_sentiment_score': '0.143685', 'ticker_sentiment_label': 'Neutral'}, {'ticker': 'PYPL', 'relevance_score': '0.783935', 'ticker_sentiment_score': '0.102834', 'ticker_sentiment_label': 'Neutral'}, {'ticker': 'AMZN', 'relevance_score': '0.785394', 'ticker_sentiment_score': '0.105249', 'ticker_sentiment_label': 'Neutral'}, {'ticker': 'COIN', 'relevance_score': '0.718546', 'ticker_sentiment_score': '0.141466', 'ticker_sentiment_label': 'Neutral'}]"
Global X FinTech ETF (FINX),https://in.investing.com/etfs/global-x-fintech-thematic,20170301T040930,['NULL'],"This page provides comprehensive information on the Global X FinTech ETF (FINX), including real-time quotes, historical data, performance metrics, and key statistics like market cap and expense ratio. It details the ETF's holdings, such as SoFi Technologies, Intuit, and Coinbase, and offers recent news and analysis related to the fintech sector and FINX's constituent companies. The ETF tracks the Indxx Global Fintech Thematic Index and is designed for investors looking for exposure to companies involved in financial technology products and services.",NULL,Investing.com India,General,Investing.com India,"[{'topic': 'financial_markets', 'relevance_score': '1.000000'}, {'topic': 'finance', 'relevance_score': '0.925656'}]",0.056383,Neutral,"[{'ticker': 'FINX', 'relevance_score': '1.000000', 'ticker_sentiment_score': '-0.223276', 'ticker_sentiment_label': 'Somewhat-Bearish'}, {'ticker': 'AMZN', 'relevance_score': '0.631810', 'ticker_sentiment_score': '0.322255', 'ticker_sentiment_label': 'Somewhat-Bullish'}]"
GRAIL Lands $900M for Early Cancer Detection,https://hitconsultant.net/2017/03/01/grail-lands-900m-early-cancer-detection/,20170301T043620,['Fred Pennic'],"GRAIL, Inc. has secured $900 million in Series B funding from a consortium of investors including ARCH Venture Partners, Johnson & Johnson Innovation, Amazon, and others, to advance its early-stage cancer detection initiatives. The funding will support continued product development and large-scale clinical trials, such as the Circulating Cell-free Genome Atlas (CCGA) study, and will also be used to repurchase a portion of Illumina's stake in the company. GRAIL aims to leverage high-intensity sequencing, population-scale clinical studies, and data science to improve cancer biology understanding and provide early detection methods.",,HIT Consultant,General,HIT Consultant,"[{'topic': 'life_sciences', 'relevance_score': '0.926636'}, {'topic': 'technology', 'relevance_score': '0.707034'}]",0.281274,Somewhat-Bullish,"[{'ticker': 'GRAL', 'relevance_score': '0.338226', 'ticker_sentiment_score': '0.045589', 'ticker_sentiment_label': 'Neutral'}, {'ticker': 'JNJ', 'relevance_score': '0.724893', 'ticker_sentiment_score': '0.343700', 'ticker_sentiment_label': 'Somewhat-Bullish'}, {'ticker': 'AMZN', 'relevance_score': '0.741067', 'ticker_sentiment_score': '0.322929', 'ticker_sentiment_label': 'Somewhat-Bullish'}, {'ticker': 'BMY', 'relevance_score': '0.743393', 'ticker_sentiment_score': '0.323037', 'ticker_sentiment_label': 'Somewhat-Bullish'}, {'ticker': 'MCK', 'relevance_score': '0.715624', 'ticker_sentiment_score': '0.331091', 'ticker_sentiment_label': 'Somewhat-Bullish'}]"
"Best Buy, Target to overhaul stores",https://www.mcall.com/2017/03/02/best-buy-target-to-overhaul-stores/,20170302T062800,['Bloomberg News and The Morning Call'],"Best Buy and Target announced plans to overhaul their operations to compete with Amazon.com, leading to a tumble in their stock prices. These changes, though deemed necessary by analysts, involve costly investments that have made investors cautious, as both companies predict short-term profit pain. Traditional retailers face a ""do-or-die moment"" as online shopping grows and customer traffic at physical stores dwindles.",,The Morning Call,General,The Morning Call,"[{'topic': 'retail_wholesale', 'relevance_score': '0.939135'}, {'topic': 'earnings', 'relevance_score': '0.947676'}, {'topic': 'economy_macro', 'relevance_score': '0.730644'}]",-0.242971,Somewhat-Bearish,"[{'ticker': 'BBY', 'relevance_score': '1.000000', 'ticker_sentiment_score': '-0.301210', 'ticker_sentiment_label': 'Somewhat-Bearish'}, {'ticker': 'TGT', 'relevance_score': '0.933099', 'ticker_sentiment_score': '-0.306192', 'ticker_sentiment_label': 'Somewhat-Bearish'}, {'ticker': 'AMZN', 'relevance_score': '0.738332', 'ticker_sentiment_score': '-0.141188', 'ticker_sentiment_label': 'Neutral'}, {'ticker': 'WMT', 'relevance_score': '0.622522', 'ticker_sentiment_score': '-0.128962', 'ticker_sentiment_label': 'Neutral'}]"
WBI Investments Inc - WBI Power Factor High Dividend Shares,https://stocktwits.com/symbol/WBIY,20170303T044026,[],"This article provides key financial data for WBI Investments Inc - WBI Power Factor High Dividend Shares (WBIY), including its latest stock price, trading volume, 52-week high and low, 50-day moving average, and previous close. It also features trending news and a poll related to dominant tech company earnings. The content primarily serves as a financial data snapshot for the WBIY stock.",,Stocktwits,General,Stocktwits,"[{'topic': 'financial_markets', 'relevance_score': '0.921401'}]",0.000667,Neutral,"[{'ticker': 'WBIY', 'relevance_score': '1.000000', 'ticker_sentiment_score': '0.006622', 'ticker_sentiment_label': 'Neutral'}, {'ticker': 'GOOGL', 'relevance_score': '0.620622', 'ticker_sentiment_score': '0.040838', 'ticker_sentiment_label': 'Neutral'}, {'ticker': 'MSFT', 'relevance_score': '0.632127', 'ticker_sentiment_score': '0.024579', 'ticker_sentiment_label': 'Neutral'}, {'ticker': 'AMZN', 'relevance_score': '0.605252', 'ticker_sentiment_score': '0.017573', 'ticker_sentiment_label': 'Neutral'}, {'ticker': 'META', 'relevance_score': '0.624989', 'ticker_sentiment_score': '0.041700', 'ticker_sentiment_label': 'Neutral'}]"
Coca-Cola Targets Small Retailers With Coke on Demand App,https://blogs.wsj.com/cio/2017/03/07/coca-cola-targets-small-retailers-with-coke-on-demand-app/?gaa_at=eafs&gaa_n=AWEtsqfF-PeKg9capwz0R94ajOzwy0f-AzQGaaOft_HyvyDkiAvf0SPnJMNl&gaa_ts=69083804&gaa_sig=QIqEcHKuaRfOjzuQXAjc_oR50D4zjzxNxgSAoUEFFiazMm5NbruX7imEdup5clSH0BSEGhcDBuo_R79PiQ32vw%3D%3D,20170307T045103,['Kim S. Nash'],"Coca-Cola is launching a ""Coke on Demand"" app to help small, mom-and-pop retailers easily replenish their stock. The app allows store owners to order products from local distributors, who then use gig workers for delivery, aiming to prevent lost sales and maintain product flow. This initiative targets supply chain ""white spaces"" and leverages a new delivery model.",,The Wall Street Journal,General,The Wall Street Journal,"[{'topic': 'retail_wholesale', 'relevance_score': '0.933977'}, {'topic': 'technology', 'relevance_score': '0.701008'}]",0.322555,Somewhat-Bullish,"[{'ticker': 'KO', 'relevance_score': '1.000000', 'ticker_sentiment_score': '0.323881', 'ticker_sentiment_label': 'Somewhat-Bullish'}, {'ticker': 'AMZN', 'relevance_score': '0.635664', 'ticker_sentiment_score': '0.319863', 'ticker_sentiment_label': 'Somewhat-Bullish'}]"
Amazon Launches Premium Service in Mexico,https://www.wsj.com/articles/amazon-launches-premium-service-in-mexico-1488918351?gaa_at=eafs&gaa_n=AWEtsqck8GKvon5GMp4NtdwI8TQsz9gj7R6uwbuIqC6HhnRhI0iwbz5cPzjb&gaa_ts=6908392d&gaa_sig=Oh_U4gcHlJvIsjZgx3LXWhaIkafxafZ_zaWjIYH_xo1nAI76Q6gmF54GeCIDOJxoluXxYlsshJkey86YeVN6rw%3D%3D,20170307T045707,['Robbie Whelan'],"Amazon.com Inc. has launched its premium service, Amazon Prime, in Mexico, making it the 13th country to offer the service. For an annual fee of 449 pesos (about $23), members will receive free one-day delivery in major cities and two-day delivery elsewhere, as Amazon competes for market share against established companies in the region.",,The Wall Street Journal,General,The Wall Street Journal,"[{'topic': 'retail_wholesale', 'relevance_score': '0.930414'}, {'topic': 'technology', 'relevance_score': '0.834956'}]",0.248829,Somewhat-Bullish,"[{'ticker': 'MELI', 'relevance_score': '0.340054', 'ticker_sentiment_score': '0.001370', 'ticker_sentiment_label': 'Neutral'}, {'ticker': 'AMZN', 'relevance_score': '0.963710', 'ticker_sentiment_score': '0.425677', 'ticker_sentiment_label': 'Bullish'}]"
Sonos’s Weird-Looking New Speaker Solves A Living Room Design Problem,https://www.fastcompany.com/3068740/sonoss-weird-looking-new-speaker-solves-a-living-room-design-problem,20170307T052632,['John Paul Titlow'],"Sonos has released a new speaker, the Playbase, designed to address the common issue of televisions not being wall-mounted. The 58-millimeter-high device is an oblong, flat shape meant to sit inconspicuously under a TV, offering high-fidelity sound for both music and movies. This release comes as Sonos faces increasing competition from voice-controlled smart speakers and is focusing on integrations with platforms like Amazon's Alexa.",,Fast Company,General,Fast Company,"[{'topic': 'technology', 'relevance_score': '0.831903'}]",0.279121,Somewhat-Bullish,"[{'ticker': 'SONO', 'relevance_score': '1.000000', 'ticker_sentiment_score': '0.413684', 'ticker_sentiment_label': 'Bullish'}, {'ticker': 'AMZN', 'relevance_score': '0.648382', 'ticker_sentiment_score': '0.124848', 'ticker_sentiment_label': 'Neutral'}]"
Sonos Launches Its First Under-TV Speaker Base,https://www.gearbrain.com/sonos-tv-speaker-playbase-2303467296.html,20170307T052632,['Joseph Palenchar'],"Sonos has launched its first under-TV speaker base, the $699 Playbase, aiming to revitalize the struggling product category with its slim design, easy setup, and integrated multiroom audio. Available April 4th, the Playbase is designed to fit unobtrusively under most modern TVs and offers similar audio performance to the Playbar, differing mainly in its placement and form factor. It includes proprietary audio processing, multiple drivers, and features like Dolby Digital 5.1 decoding, with future firmware updates planned for Amazon Echo voice control integration.",,Gearbrain,General,Gearbrain,"[{'topic': 'technology', 'relevance_score': '1.000000'}, {'topic': 'retail_wholesale', 'relevance_score': '0.819922'}]",0.269188,Somewhat-Bullish,"[{'ticker': 'SONO', 'relevance_score': '1.000000', 'ticker_sentiment_score': '0.314886', 'ticker_sentiment_label': 'Somewhat-Bullish'}, {'ticker': 'AMZN', 'relevance_score': '0.638587', 'ticker_sentiment_score': '0.213634', 'ticker_sentiment_label': 'Somewhat-Bullish'}]"
Hewlett Packard Enterprise to Buy Nimble Storage for $1B,https://www.sdxcentral.com/news/hewlett-packard-enterprise-to-buy-nimble-storage-for-1b/,20170307T233831,"['SDxCentral Staff', 'Brian Santo']","Hewlett Packard Enterprise (HPE) is acquiring Nimble Storage for $1 billion to strengthen its flash storage portfolio and leverage Nimble's customer base and predictive flash technology, InfoSight. Despite Nimble Storage reporting significant revenue growth and new customer acquisition, it has consistently incurred losses. This acquisition is expected to help Nimble achieve profitability faster by integrating it into HPE's larger sales and marketing network and expanding HPE's offerings in the flash storage market.",,SDxCentral,General,SDxCentral,"[{'topic': 'mergers_and_acquisitions', 'relevance_score': '1.000000'}, {'topic': 'technology', 'relevance_score': '0.912026'}, {'topic': 'earnings', 'relevance_score': '0.840313'}]",0.11411,Neutral,"[{'ticker': 'NMBL', 'relevance_score': '0.343442', 'ticker_sentiment_score': '0.042798', 'ticker_sentiment_label': 'Neutral'}, {'ticker': 'HPE', 'relevance_score': '1.000000', 'ticker_sentiment_score': '0.416958', 'ticker_sentiment_label': 'Bullish'}, {'ticker': 'IBM', 'relevance_score': '0.642602', 'ticker_sentiment_score': '-0.128204', 'ticker_sentiment_label': 'Neutral'}, {'ticker': 'AMZN', 'relevance_score': '0.610223', 'ticker_sentiment_score': '0.132142', 'ticker_sentiment_label': 'Neutral'}, {'ticker': 'MSFT', 'relevance_score': '0.621447', 'ticker_sentiment_score': '0.110198', 'ticker_sentiment_label': 'Neutral'}]"
Wal-Mart testing in-store touchscreens in challenge to Amazon,https://www.retaildive.com/news/wal-mart-testing-in-store-touchscreens-in-challenge-to-amazon/437739/,20170309T054620,['Daphne Howland'],"Wal-Mart is testing touchscreen monitors in some Texas stores to help toy shoppers find items or order specific products, as part of its ongoing efforts to compete with Amazon. Wal-Mart CFO Brett Briggs announced the pilot, highlighting the responsiveness and intuitiveness of the new touchscreens, which are intended to bridge the gap between online and physical shopping experiences. This initiative is one of several strategies Wal-Mart is employing, including more self-checkout options and mobile app features, to integrate technology into its retail operations.",,Retail Dive,General,Retail Dive,"[{'topic': 'retail_wholesale', 'relevance_score': '0.942084'}, {'topic': 'technology', 'relevance_score': '0.804954'}]",0.081003,Neutral,"[{'ticker': 'WMT', 'relevance_score': '0.961644', 'ticker_sentiment_score': '0.299374', 'ticker_sentiment_label': 'Somewhat-Bullish'}, {'ticker': 'AMZN', 'relevance_score': '0.805752', 'ticker_sentiment_score': '0.062239', 'ticker_sentiment_label': 'Neutral'}, {'ticker': 'DG', 'relevance_score': '0.630690', 'ticker_sentiment_score': '0.043265', 'ticker_sentiment_label': 'Neutral'}, {'ticker': 'DLTR', 'relevance_score': '0.627538', 'ticker_sentiment_score': '0.002888', 'ticker_sentiment_label': 'Neutral'}, {'ticker': 'TGT', 'relevance_score': '0.649977', 'ticker_sentiment_score': '0.026514', 'ticker_sentiment_label': 'Neutral'}]"
Wal-Mart's Multiformat Gamble,https://cspdailynews.com/csp-magazine/wal-marts-multiformat-gamble,20170310T054621,['CSP Staff'],"Wal-Mart is experimenting with new retail formats, specifically ""Pickup With Fuel"" locations that combine a convenience store, gas station, and click-and-collect service. This strategy aims to compete with Amazon and capture the ""last mile"" of retailing by offering increased convenience to customers. The article explores Wal-Mart's past attempts at small formats, the details of its new concept, and the challenges and opportunities it presents in the evolving retail landscape.",,CSP Daily News,General,CSP Daily News,"[{'topic': 'retail_wholesale', 'relevance_score': '0.924435'}]",0.109033,Neutral,"[{'ticker': 'WMT', 'relevance_score': '1.000000', 'ticker_sentiment_score': '0.149394', 'ticker_sentiment_label': 'Neutral'}, {'ticker': 'AMZN', 'relevance_score': '0.888200', 'ticker_sentiment_score': '0.096610', 'ticker_sentiment_label': 'Neutral'}]"
Capital One launches Eno the gender neutral AI assistant,https://www.dailymail.co.uk/sciencetech/article-4302682/Capital-One-launches-Eno-gender-neutral-AI-assistant.html,20170310T211300,"['REUTERS and STACY LIBERATORE', 'US SCIENCE & TECHNOLOGY EDITOR']","Capital One has launched Eno, a gender-neutral virtual assistant designed to help customers manage their money through conversational text messaging. Eno is powered by AI and responds as ""binary"" when asked about its gender, a deliberate choice by Capital One to avoid the criticism often directed at female-voiced digital assistants like Siri and Alexa. The assistant can respond to natural language and emojis, allowing users to check balances or pay bills simply.",,Daily Mail,General,Daily Mail,"[{'topic': 'finance', 'relevance_score': '0.748259'}, {'topic': 'technology', 'relevance_score': '1.000000'}]",0.246098,Somewhat-Bullish,"[{'ticker': 'COF', 'relevance_score': '1.000000', 'ticker_sentiment_score': '0.429748', 'ticker_sentiment_label': 'Bullish'}, {'ticker': 'AMZN', 'relevance_score': '0.708202', 'ticker_sentiment_score': '0.139664', 'ticker_sentiment_label': 'Neutral'}, {'ticker': 'AAPL', 'relevance_score': '0.733534', 'ticker_sentiment_score': '0.142292', 'ticker_sentiment_label': 'Neutral'}]"
Juniper Networks Layoffs 2017: Some Staff Cuts Confirmed,https://www.channele2e.com/post/juniper-networks-layoffs-2017-some-staff-cuts-confirmed,20170313T044627,['Joe Panettieri'],"Juniper Networks confirmed it has cut a small number of employees as part of a reorganization, attributing the reductions to an ""innovation transformation strategy."" This figure is significantly lower than initial Business Insider estimates. The company is actively diversifying from traditional hardware sales into software-defined networking and security amidst competitive pressures and shifts to public cloud providers.",NULL,ChannelE2E,General,ChannelE2E,"[{'topic': 'earnings', 'relevance_score': '0.813603'}, {'topic': 'technology', 'relevance_score': '0.941980'}]",0.023474,Neutral,"[{'ticker': 'JNPR', 'relevance_score': '1.000000', 'ticker_sentiment_score': '-0.202644', 'ticker_sentiment_label': 'Somewhat-Bearish'}, {'ticker': 'CSCO', 'relevance_score': '0.729854', 'ticker_sentiment_score': '0.111440', 'ticker_sentiment_label': 'Neutral'}, {'ticker': 'HPE', 'relevance_score': '0.644939', 'ticker_sentiment_score': '0.100139', 'ticker_sentiment_label': 'Neutral'}, {'ticker': 'AMZN', 'relevance_score': '0.602189', 'ticker_sentiment_score': '0.037832', 'ticker_sentiment_label': 'Neutral'}, {'ticker': 'MSFT', 'relevance_score': '0.649489', 'ticker_sentiment_score': '0.029070', 'ticker_sentiment_label': 'Neutral'}]"
Corsair Gaming K70 RGB RAPIDFIRE Keyboard Review,https://www.ign.com/articles/2017/03/13/corsair-gaming-k70-rgb-rapidfire-keyboard-review,20170313T171300,['Matthew D. Sarrel'],"This review examines the Corsair K70 RGB RAPIDFIRE mechanical gaming keyboard, highlighting its design, features, and performance. While praising its gaming capabilities and media controls, the review criticizes the sensitivity of the RAPIDFIRE switches for typing, the durability of its plastic components, and the buggy Corsair Utility Engine (CUE) software. The author ultimately suggests the regular K70 or Lux version might be preferable due to the RAPIDFIRE's overly sensitive switches.",,IGN,General,IGN,"[{'topic': 'technology', 'relevance_score': '1.000000'}]",0.070393,Neutral,"[{'ticker': 'CRSR', 'relevance_score': '1.000000', 'ticker_sentiment_score': '-0.061513', 'ticker_sentiment_label': 'Neutral'}, {'ticker': 'AMZN', 'relevance_score': '0.624038', 'ticker_sentiment_score': '0.100053', 'ticker_sentiment_label': 'Neutral'}, {'ticker': 'BBY', 'relevance_score': '0.595908', 'ticker_sentiment_score': '0.171988', 'ticker_sentiment_label': 'Somewhat-Bullish'}]"
iRobot Takes Next Step in the Connected Home with Clean Map™ Reports and Amazon Alexa Integration,https://www.prnewswire.com/news-releases/irobot-takes-next-step-in-the-connected-home-with-clean-map-reports-and-amazon-alexa-integration-300423667.html,20170315T000100,[],"iRobot announced updates to its HOME App, introducing Clean Map reports that provide visual post-cleaning data for Roomba 900 Series vacuuming robots, detailing cleaning performance and dirtiest areas. Additionally, the app now integrates with Amazon Alexa, allowing users to control their Roomba with voice commands. These enhancements aim to improve the connected home experience by making robot cleaning more user-friendly and informative.",,PR Newswire,General,PR Newswire,"[{'topic': 'technology', 'relevance_score': '1.000000'}]",0.367249,Bullish,"[{'ticker': 'IRBT', 'relevance_score': '0.964459', 'ticker_sentiment_score': '0.448907', 'ticker_sentiment_label': 'Bullish'}, {'ticker': 'AMZN', 'relevance_score': '0.741529', 'ticker_sentiment_score': '0.335416', 'ticker_sentiment_label': 'Somewhat-Bullish'}]"
Amazon Japan adopts UnionPay to lure Chinese users,https://www.chinadaily.com.cn/business/2017-03/16/content_28574015.htm,20170316T074700,[],"Amazon Japan is now accepting UnionPay cards to attract more Chinese shoppers across Asia. This move caters to the growing number of Chinese tourists and online consumers, with Amazon offering reduced shipping rates to China. Other Chinese payment companies like Alipay are also expanding globally to capture this market.",,China Daily,General,China Daily,"[{'topic': 'finance', 'relevance_score': '0.911625'}, {'topic': 'retail_wholesale', 'relevance_score': '0.807837'}, {'topic': 'technology', 'relevance_score': '0.700300'}, {'topic': 'economy_macro', 'relevance_score': '0.613141'}]",0.040029,Neutral,"[{'ticker': 'AMZN', 'relevance_score': '0.965278', 'ticker_sentiment_score': '0.336247', 'ticker_sentiment_label': 'Somewhat-Bullish'}, {'ticker': 'V', 'relevance_score': '0.695612', 'ticker_sentiment_score': '-0.143694', 'ticker_sentiment_label': 'Neutral'}, {'ticker': 'MA', 'relevance_score': '0.682497', 'ticker_sentiment_score': '-0.122084', 'ticker_sentiment_label': 'Neutral'}]"
Your Next Great Competitor Is... The Odds Favor Amazon.com Over Sears Automotive,https://www.moderntiredealer.com/industry-news/retail/article/11519641/your-next-great-competitor-is-the-odds-favor-amazoncom-over-sears-automotive-2017-03-17,20170317T035139,['Bob Ulrich'],"This article discusses potential future competitors for independent tire dealers, focusing on Amazon.com, Sears Automotive, and NAPA Auto Parts. It analyzes their current positions and growth potential in the tire sales market, highlighting Amazon's significant online presence and Sears' decline, while NAPA is presented as a sleeper with logistical advantages.",,Modern Tire Dealer,General,Modern Tire Dealer,"[{'topic': 'retail_wholesale', 'relevance_score': '0.947279'}]",0.164249,Somewhat-Bullish,"[{'ticker': 'AMZN', 'relevance_score': '0.991019', 'ticker_sentiment_score': '0.314694', 'ticker_sentiment_label': 'Somewhat-Bullish'}, {'ticker': 'F', 'relevance_score': '0.629618', 'ticker_sentiment_score': '0.145802', 'ticker_sentiment_label': 'Neutral'}, {'ticker': 'COST', 'relevance_score': '0.731211', 'ticker_sentiment_score': '0.114022', 'ticker_sentiment_label': 'Neutral'}, {'ticker': 'TGT', 'relevance_score': '0.669737', 'ticker_sentiment_score': '0.002911', 'ticker_sentiment_label': 'Neutral'}, {'ticker': 'GPC', 'relevance_score': '0.717485', 'ticker_sentiment_score': '0.184728', 'ticker_sentiment_label': 'Somewhat-Bullish'}]"
Arris Brings ‘RDK-B’ Gateway to Retail,https://www.nexttv.com/news/arris-brings-rdk-b-gateway-retail-411609,20170320T045117,['Jeff Baumgartner'],"Arris has launched the first retail voice gateway, the SURFboard SVG2482AC, equipped with RDK-B technology and approved for Comcast's network. This device offers a common way to manage home networking functions and will be sold on Amazon and Arris's online store for $249.99, competing with other major DOCSIS modem and gateway providers. The move highlights the growing, albeit small, retail segment of the DOCSIS CPE market.",,Nexttv,General,Nexttv,"[{'topic': 'technology', 'relevance_score': '0.817705'}]",0.22112,Somewhat-Bullish,"[{'ticker': 'LBTYK', 'relevance_score': '0.335551', 'ticker_sentiment_score': '0.005549', 'ticker_sentiment_label': 'Neutral'}, {'ticker': 'CMCSA', 'relevance_score': '0.834072', 'ticker_sentiment_score': '0.308649', 'ticker_sentiment_label': 'Somewhat-Bullish'}, {'ticker': 'AMZN', 'relevance_score': '0.720986', 'ticker_sentiment_score': '0.249281', 'ticker_sentiment_label': 'Somewhat-Bullish'}, {'ticker': 'CHTR', 'relevance_score': '0.602517', 'ticker_sentiment_score': '0.328144', 'ticker_sentiment_label': 'Somewhat-Bullish'}]"
Albertsons reportedly in merger talks with Sprouts Farmers Market,https://www.grocerydive.com/news/grocery--albertsons-reportedly-in-merger-talks-with-sprouts-farmers-market/535320/,20170320T052558,['Christopher Doering'],"Albertsons Cos. is reportedly in preliminary merger talks with Sprouts Farmers Market Inc., according to Bloomberg. A potential deal would involve taking Sprouts private and integrating the organic grocer into Albertsons' portfolio, enhancing its presence in the natural and organic food sector. This move reflects the ongoing consolidation in the grocery industry as chains confront tight margins and intense competition.",,Grocery Dive,General,Grocery Dive,"[{'topic': 'mergers_and_acquisitions', 'relevance_score': '1.000000'}, {'topic': 'retail_wholesale', 'relevance_score': '0.919497'}]",-0.049718,Neutral,"[{'ticker': 'SFM', 'relevance_score': '1.000000', 'ticker_sentiment_score': '0.300984', 'ticker_sentiment_label': 'Somewhat-Bullish'}, {'ticker': 'KR', 'relevance_score': '0.649667', 'ticker_sentiment_score': '0.104645', 'ticker_sentiment_label': 'Neutral'}, {'ticker': 'DG', 'relevance_score': '0.617705', 'ticker_sentiment_score': '-0.205944', 'ticker_sentiment_label': 'Somewhat-Bearish'}, {'ticker': 'WMT', 'relevance_score': '0.626946', 'ticker_sentiment_score': '-0.211738', 'ticker_sentiment_label': 'Somewhat-Bearish'}, {'ticker': 'AMZN', 'relevance_score': '0.605025', 'ticker_sentiment_score': '-0.201172', 'ticker_sentiment_label': 'Somewhat-Bearish'}]"
Target chooses Kroger exec to revive grocery division,https://www.usatoday.com/story/money/business/2017/03/20/target-chooses-kroger-exec-revive-grocery-division/99431372/,20170320T053158,['Alexander Coolidge'],"Target has hired Jeff Burt, a veteran executive from Kroger's Fred Meyer division, to lead and revive its struggling grocery business. Burt brings 30 years of experience with Kroger, overseeing multi-department stores similar to Target's model. This strategic hire aims to enhance Target's food and beverage experience amidst fierce competition from Walmart and Amazon.",,USA Today,General,USA Today,"[{'topic': 'retail_wholesale', 'relevance_score': '0.941919'}]",0.140404,Neutral,"[{'ticker': 'TGT', 'relevance_score': '0.962889', 'ticker_sentiment_score': '0.259315', 'ticker_sentiment_label': 'Somewhat-Bullish'}, {'ticker': 'KR', 'relevance_score': '0.885621', 'ticker_sentiment_score': '0.131442', 'ticker_sentiment_label': 'Neutral'}, {'ticker': 'WMT', 'relevance_score': '0.643814', 'ticker_sentiment_score': '0.131364', 'ticker_sentiment_label': 'Neutral'}, {'ticker': 'AMZN', 'relevance_score': '0.550871', 'ticker_sentiment_score': '0.098940', 'ticker_sentiment_label': 'Neutral'}]"
Small Sat Launch Provider Rocket Lab Raises $75 Million to Boost Production,https://www.space.com/36141-rocket-lab-receives-new-venture-funding.html,20170321T052131,['Calla Cofield'],"Rocket Lab, a small satellite launch provider, has successfully raised an additional $75 million in funding, bringing its total funding to date to $148 million and valuing the company at over $1 billion. This new capital will be used to significantly increase production of its Electron rocket and meet the high demand from the growing small-satellite industry. The company plans to conduct its first test launches soon and aims for frequent future launches, including up to 19 in 2018.",,Space,General,Space,"[{'topic': 'technology', 'relevance_score': '0.889591'}, {'topic': 'finance', 'relevance_score': '0.725837'}]",0.328823,Somewhat-Bullish,"[{'ticker': 'RKLB', 'relevance_score': '1.000000', 'ticker_sentiment_score': '0.484432', 'ticker_sentiment_label': 'Bullish'}, {'ticker': 'AVGO', 'relevance_score': '0.558978', 'ticker_sentiment_score': '0.267431', 'ticker_sentiment_label': 'Somewhat-Bullish'}, {'ticker': 'AMZN', 'relevance_score': '0.563786', 'ticker_sentiment_score': '0.260806', 'ticker_sentiment_label': 'Somewhat-Bullish'}, {'ticker': 'GE', 'relevance_score': '0.581796', 'ticker_sentiment_score': '0.266457', 'ticker_sentiment_label': 'Somewhat-Bullish'}]"
Target Takes Aim at Quick-Trip Convenience,https://cspdailynews.com/company-news/target-takes-aim-quick-trip-convenience,20170321T053157,['Greg Lindenberg'],"Target Corp. is implementing a comprehensive store redesign, drawing inspiration from Wal-Mart and Amazon, to include ""store-within-a-store"" convenience sections. This new design features two entrances, one for traditional shopping and another for quick trips, offering grab-and-go items, fresh produce, a Starbucks, and a Wine & Beer Shop. The initiative aims to enhance the shopping experience with time-saving features and expands on Target's plan to open more small-format stores and remodel existing ones.",,CSP Daily News,General,CSP Daily News,"[{'topic': 'retail_wholesale', 'relevance_score': '1.000000'}]",0.238838,Somewhat-Bullish,"[{'ticker': 'TGT', 'relevance_score': '1.000000', 'ticker_sentiment_score': '0.405900', 'ticker_sentiment_label': 'Bullish'}, {'ticker': 'WMT', 'relevance_score': '0.617101', 'ticker_sentiment_score': '0.127044', 'ticker_sentiment_label': 'Neutral'}, {'ticker': 'AMZN', 'relevance_score': '0.610069', 'ticker_sentiment_score': '0.125664', 'ticker_sentiment_label': 'Neutral'}]"
Amazon to buy Middle Eastern online retailer Souq.com: sources,https://www.reuters.com/article/world/europe/amazon-to-buy-middle-eastern-online-retailer-souqcom-sources-idUSKBN16T1X9/,20170322T220600,['Hadeel Al Sayegh and Tom Arnold'],"Amazon.com Inc has reportedly agreed in principle to acquire Dubai-based online retailer Souq.com, a major player in the Middle East's e-commerce market. This acquisition gives Amazon a foothold in a rapidly expanding region with a tech-savvy population, although the deal's value is said to be less than Souq.com's previous $1 billion valuation. The move allows Amazon to enter the market without navigating extensive bureaucratic hurdles and capitalize on high demand for Western products.",,Reuters,General,Reuters,"[{'topic': 'mergers_and_acquisitions', 'relevance_score': '1.000000'}, {'topic': 'retail_wholesale', 'relevance_score': '0.902899'}, {'topic': 'technology', 'relevance_score': '0.745860'}]",0.223313,Somewhat-Bullish,"[{'ticker': 'AMZN', 'relevance_score': '0.997367', 'ticker_sentiment_score': '0.625482', 'ticker_sentiment_label': 'Bullish'}, {'ticker': 'GS', 'relevance_score': '0.630487', 'ticker_sentiment_score': '0.123488', 'ticker_sentiment_label': 'Neutral'}, {'ticker': 'WMT', 'relevance_score': '0.567294', 'ticker_sentiment_score': '-0.105888', 'ticker_sentiment_label': 'Neutral'}]"
It’s FINALLY official: Amazon is acquiring Souq.com!,https://www.startupmgzn.com/english/news/its-finally-official-amazon-is-acquiring-souq-com/,20170328T035140,['Startup MGZN'],"Amazon has officially announced its acquisition of SOUQ.com, an e-commerce platform based in the Middle East. This acquisition aims to expand SOUQ.com's growth and bring more products and offerings to customers globally, leveraging Amazon's technology and resources. Both companies emphasize their shared principles of customer-centricity and commitment to long-term thinking to enhance the e-commerce experience in the region.",,Startup MGZN,General,Startup MGZN,"[{'topic': 'mergers_and_acquisitions', 'relevance_score': '1.000000'}, {'topic': 'retail_wholesale', 'relevance_score': '0.821525'}, {'topic': 'technology', 'relevance_score': '0.737887'}]",0.428249,Bullish,"[{'ticker': 'AMZN', 'relevance_score': '1.000000', 'ticker_sentiment_score': '0.441109', 'ticker_sentiment_label': 'Bullish'}]"
10 Things You Need To Know About The New DXC Technology,https://www.crn.com/slide-shows/channel-programs/300084365/10-things-you-need-to-know-about-the-new-dxc-technology,20170329T043705,[],"DXC Technology, formed by the merger of CSC and HPE's Enterprise Services, debuted with a focus on digital transformation, talent development, and stable revenue growth. Executives projected first-year revenues between $24 billion and $24.5 billion, outlining strategies for cultural shifts, targeted acquisitions, and organizational streamlining to achieve financial targets. The company aims for significant cost savings and reinvestment to drive a 30-percent return to shareholders by 2020.",,CRN Magazine,General,CRN Magazine,"[{'topic': 'mergers_and_acquisitions', 'relevance_score': '0.917368'}, {'topic': 'technology', 'relevance_score': '0.845865'}, {'topic': 'earnings', 'relevance_score': '0.715281'}]",0.30181,Somewhat-Bullish,"[{'ticker': 'HPE', 'relevance_score': '0.906031', 'ticker_sentiment_score': '0.338611', 'ticker_sentiment_label': 'Somewhat-Bullish'}, {'ticker': 'DELL', 'relevance_score': '0.637715', 'ticker_sentiment_score': '0.332812', 'ticker_sentiment_label': 'Somewhat-Bullish'}, {'ticker': 'MSFT', 'relevance_score': '0.634985', 'ticker_sentiment_score': '0.342403', 'ticker_sentiment_label': 'Somewhat-Bullish'}, {'ticker': 'AMZN', 'relevance_score': '0.618383', 'ticker_sentiment_score': '0.341317', 'ticker_sentiment_label': 'Somewhat-Bullish'}]"
"Amazon buys Middle Eastern online retailer Souq.com, steps up overseas expansion",https://indianexpress.com/article/technology/tech-news-technology/amazon-buys-middle-eastern-online-retailer-souq-com-4590721/,20170329T141900,['Bloomberg'],"Amazon.com Inc. has agreed to acquire Dubai-based online retailer Souq.com, signaling a strategic move to expand its e-commerce presence in the Middle East. This acquisition allows Amazon to enter a region where online shopping is gaining traction, beating out a competing bid from Emaar Malls PJSC. The deal comes as Amazon looks for new growth avenues beyond its mature core markets and seeks to compete in emerging e-commerce landscapes.",NULL,The Indian Express,General,The Indian Express,"[{'topic': 'mergers_and_acquisitions', 'relevance_score': '1.000000'}, {'topic': 'retail_wholesale', 'relevance_score': '0.915927'}, {'topic': 'technology', 'relevance_score': '0.836061'}]",0.415531,Bullish,"[{'ticker': 'AMZN', 'relevance_score': '1.000000', 'ticker_sentiment_score': '0.431300', 'ticker_sentiment_label': 'Bullish'}]"
David Einhorn – The Ultimate Shareholder Letter When Your Fund Underperforms,https://acquirersmultiple.com/2017/03/david-einhorn-the-ultimate-shareholder-letter-when-your-fund-underperforms/,20170330T054657,['Johnny Hopkins'],"This article highlights David Einhorn's Q4 2015 shareholder letter for Greenlight Capital as a prime example of how to communicate with investors during periods of underperformance. The letter transparently addresses a difficult year, detailing investment losses and comparing the situation to past challenging periods for value investing, while reaffirming Greenlight's investment philosophy and strong team and investor support.",,The Acquirer's Multiple,General,The Acquirer's Multiple,"[{'topic': 'financial_markets', 'relevance_score': '0.927503'}, {'topic': 'earnings', 'relevance_score': '0.808006'}, {'topic': 'economy_macro', 'relevance_score': '0.723939'}]",-0.209681,Somewhat-Bearish,"[{'ticker': 'ZIG', 'relevance_score': '0.309510', 'ticker_sentiment_score': '0.000171', 'ticker_sentiment_label': 'Neutral'}, {'ticker': 'NFLX', 'relevance_score': '0.731509', 'ticker_sentiment_score': '-0.252614', 'ticker_sentiment_label': 'Somewhat-Bearish'}, {'ticker': 'AMZN', 'relevance_score': '0.712699', 'ticker_sentiment_score': '-0.281736', 'ticker_sentiment_label': 'Somewhat-Bearish'}, {'ticker': 'MU', 'relevance_score': '0.712373', 'ticker_sentiment_score': '-0.275305', 'ticker_sentiment_label': 'Somewhat-Bearish'}]"
