trade_id,trade_date,action_open,action_close,Open,Close,entry_price,exit_price,previous_open,previous_close,previous_day_return,opening_gap,gross_trade_return,return_after_slippage,transaction_cost_return,net_trade_return,trade_outcome,portfolio_value,cumulative_return
1,2020-08-04,BUY_OPEN,SELL_CLOSE,155.0605010986328,156.94149780273438,155.09926622390748,156.9022624282837,159.02549743652344,155.59449768066406,-0.021575154998203283,-0.00343197600166556,0.012130727624213522,0.011624788745121073,0.0005,0.011124788745121073,WIN,101112.47887451212,0.011124788745121128
2,2020-09-04,BUY_OPEN,SELL_CLOSE,165.89999389648438,164.7310028076172,165.94146889495852,164.6898200569153,174.25,168.39999389648438,-0.03357248839894189,-0.014845606238779063,-0.0070463600474668375,-0.007542712779260219,0.0005,-0.00804271277926022,LOSS,100299.2602485254,0.0029926024852540145
3,2020-09-17,BUY_OPEN,SELL_CLOSE,150.46249389648438,150.43649291992188,150.5001095199585,150.3988837966919,158.99949645996094,153.90499877929688,-0.032040967387258035,-0.022367726260464904,-0.00017280702910849044,-0.0006725956784314757,0.0005,-0.0011725956784314757,LOSS,100181.6497694081,0.0018164976940810984
4,2020-09-21,BUY_OPEN,SELL_CLOSE,145.3249969482422,148.02349853515625,145.36132819747925,147.98649266052246,151.58700561523438,147.74549865722656,-0.02534192784148348,-0.01638291339487774,0.018568736580638845,0.018059579501618295,0.0005,0.017559579501618294,WIN,101940.7974131373,0.019407974131373074
5,2020-09-24,BUY_OPEN,SELL_CLOSE,148.88949584960938,150.989501953125,148.92671822357178,150.95175457763673,156.02149963378906,149.9929962158203,-0.03863892753318454,-0.007357012620930248,0.014104461107429689,0.013597535608250721,0.0005,0.013097535608250721,WIN,103275.97063718937,0.03275970637189363
6,2020-10-15,BUY_OPEN,SELL_CLOSE,164.60049438476562,166.9324951171875,164.64164450836182,166.8907619934082,172.35000610351562,168.1855010986328,-0.02416306850828631,-0.021315789354308,0.014167641118808971,0.013660684037519744,0.0005,0.013160684037519743,WIN,104635.15305541358,0.04635153055413577
7,2020-11-10,BUY_OPEN,SELL_CLOSE,154.75100708007812,151.75100708007812,154.78969483184815,151.7130693283081,161.55149841308594,157.18699645996094,-0.02701616509903859,-0.015497397588504214,-0.01938598046374984,-0.019876164927402074,0.0005,-0.020376164927402074,LOSS,102503.0899195525,0.025030899195525036
8,2020-12-10,BUY_OPEN,SELL_CLOSE,154.44949340820312,155.07449340820312,154.4881057815552,155.03572478485108,158.39450073242188,155.2100067138672,-0.02010482689632198,-0.004899898671263392,0.004046630301001608,0.003544732460311284,0.0005,0.003044732460311284,WIN,102815.18440471278,0.028151844047127783
9,2021-01-05,BUY_OPEN,SELL_CLOSE,158.30050659179688,160.92550659179688,158.34008171844485,160.88527521514894,163.5,159.3314971923828,-0.025495430016007292,-0.0064707268729238265,0.016582385341121997,0.016074221189489313,0.0005,0.015574221189489312,WIN,104416.45082826991,0.04416450828269913
10,2021-02-22,BUY_OPEN,SELL_CLOSE,160.406494140625,159.03700256347656,160.44659576416018,158.9972433128357,166.4114990234375,162.4949951171875,-0.023535055745747435,-0.012852709556108621,-0.008537631749172436,-0.009033239031477347,0.0005,-0.009533239031477347,LOSS,103421.02384370552,0.034210238437055285
11,2021-03-25,BUY_OPEN,SELL_CLOSE,153.64950561523438,152.31300354003906,153.6879179916382,152.27492528915406,157.552001953125,154.35350036621094,-0.020301243698989557,-0.004560925079808986,-0.00869838187792249,-0.009193908805251727,0.0005,-0.009693908805251727,LOSS,102418.46987001887,0.0241846987001888
12,2021-05-04,BUY_OPEN,SELL_CLOSE,167.8094940185547,165.593505859375,167.85144639205933,165.55210748291017,174.2364959716797,169.32449340820312,-0.02819158257334875,-0.008947313877361585,-0.01320538013739958,-0.013698654128832866,0.0005,-0.014198654128832866,LOSS,100964.2654399302,0.009642654399302009
13,2021-05-06,BUY_OPEN,SELL_CLOSE,163.5,165.31849670410156,163.540875,165.27716707992553,166.9429931640625,163.52699279785156,-0.02046207691300872,-0.00016506631345525324,0.011122304000621197,0.01061686920731919,0.0005,0.01011686920731919,WIN,101985.70770799904,0.019857077079990404
14,2021-05-11,BUY_OPEN,SELL_CLOSE,156.81399536132812,161.19549560546875,156.85319886016848,161.1551967315674,164.11599731445312,159.52450561523438,-0.02797711237388556,-0.01699118416604828,0.027940747469923588,0.027426905556666936,0.0005,0.026926905556666936,WIN,104731.86722758216,0.04731867227582165
15,2021-10-25,BUY_OPEN,SELL_CLOSE,166.75,166.01849365234375,166.79168750000002,165.97698902893066,171.0500030517578,166.77749633789062,-0.024978115391055433,-0.00016486839348472948,-0.004386844663605727,-0.004884526820734814,0.0005,-0.005384526820734814,LOSS,104167.93567950961,0.041679356795096156
16,2021-12-17,BUY_OPEN,SELL_CLOSE,167.7104949951172,170.0175018310547,167.75242261886598,169.97499745559693,173.36849975585938,168.87100219726562,-0.025941838136265827,-0.0068721520394176006,0.013755888300279961,0.013249137043944037,0.0005,0.012749137043944037,WIN,105495.98696707243,0.054959869670724304
17,2022-01-14,BUY_OPEN,SELL_CLOSE,160.14999389648438,162.13800048828125,160.1900313949585,162.09746598815917,165.25050354003906,161.21400451660156,-0.02442654598301719,-0.0065999887745956665,0.01241340410591496,0.011907323923907365,0.0005,0.011407323923907364,WIN,106699.41386307815,0.06699413863078152
18,2022-01-21,BUY_OPEN,SELL_CLOSE,149.9499969482422,142.64300537109375,149.98748444747926,142.607344619751,156.76600646972656,151.66749572753906,-0.03252306323930043,-0.011324105874222723,-0.04872952134617625,-0.04920503770641316,0.0005,-0.04970503770641316,LOSS,101395.91547376165,0.013959154737616553
19,2022-01-24,BUY_OPEN,SELL_CLOSE,139.0,144.54400634765625,139.03475,144.50787034606935,149.9499969482422,142.64300537109375,-0.04872952134617625,-0.025539320078234895,0.03988493775292268,0.03936512523717517,0.0005,0.03886512523717517,WIN,105336.68042718744,0.05336680427187446
20,2022-02-03,BUY_OPEN,SELL_CLOSE,141.7375030517578,138.8455047607422,141.77293742752076,138.810793384552,155.05050659179688,150.6125030517578,-0.0286229541430848,-0.058926050760540916,-0.02040390319250629,-0.020893578822002712,0.0005,-0.021393578822002712,LOSS,103083.15185162029,0.030831518516202916
21,2022-02-14,BUY_OPEN,SELL_CLOSE,151.75100708007812,155.16700744628906,151.78894483184817,155.1282156944275,158.13450622558594,153.2935028076172,-0.030613200961103648,-0.010062368588934167,0.022510561425192588,0.021999433926354506,0.0005,0.021499433926354505,WIN,105299.38126377459,0.05299381263774583
22,2022-02-24,BUY_OPEN,SELL_CLOSE,139.83749389648438,151.35800170898438,139.8724532699585,151.32016220855712,151.65049743652344,144.82699584960938,-0.044994917275297364,-0.034451463443363695,0.08238497052176963,0.08184391330081398,0.0005,0.08134391330081397,WIN,113864.84500392442,0.1386484500392442
23,2022-03-04,BUY_OPEN,SELL_CLOSE,147.15899658203125,145.64100646972656,147.19578633117678,145.60459621810912,153.531494140625,147.89849853515625,-0.03668951205743676,-0.005000063965823309,-0.010315306216827302,-0.01081002488405225,0.0005,-0.01131002488405225,LOSS,112577.03077351127,0.12577030773511266
24,2022-03-08,BUY_OPEN,SELL_CLOSE,136.68350219726562,136.01449584960938,136.71767307281496,135.98049222564697,145.44349670410156,137.4530029296875,-0.05493881786045318,-0.005598282438511015,-0.004894565451584065,-0.005391993811768359,0.0005,-0.005891993811768359,LOSS,111913.72760484648,0.1191372760484648
25,2022-04-06,BUY_OPEN,SELL_CLOSE,161.65049743652344,158.75599670410156,161.69091006088257,158.71630770492555,167.7415008544922,164.05499267578125,-0.02197731724070362,-0.014656641654361424,-0.017905919117622737,-0.018396843426986553,0.0005,-0.018896843426986554,LOSS,109798.91141696727,0.09798911416967271
26,2022-04-18,BUY_OPEN,SELL_CLOSE,151.52349853515625,152.78500366210938,151.56137940979005,152.74680741119386,155.38999938964844,151.7064971923828,-0.023704885846797974,-0.001206267764488067,0.008325475184698394,0.007821438456288021,0.0005,0.007321438456288021,WIN,110602.79738947403,0.10602797389474028
27,2022-04-22,BUY_OPEN,SELL_CLOSE,148.25,144.35000610351562,148.28706250000002,144.31391860198974,154.71400451660156,148.29600524902344,-0.04148298848336929,-0.00031022581455364406,-0.026306872826201477,-0.02679359770856804,0.0005,-0.02729359770856804,LOSS,107584.04913208348,0.07584049132083481
28,2022-04-25,BUY_OPEN,SELL_CLOSE,144.0229949951172,146.07400512695312,144.05900074386597,146.0374866256714,148.25,144.35000610351562,-0.026306872826201477,-0.0022654041882335108,0.014240851829983692,0.013733858152487954,0.0005,0.013233858152487954,WIN,109007.80117776779,0.09007801177767782
29,2022-05-02,BUY_OPEN,SELL_CLOSE,122.4010009765625,124.5,122.43160122680665,124.468875,129.8489990234375,124.28150177001952,-0.042876705213669486,-0.015130979000695155,0.017148544592698434,0.01664009743219208,0.0005,0.01614009743219208,WIN,110767.19770964599,0.10767197709645981
30,2022-05-06,BUY_OPEN,SELL_CLOSE,114.8499984741211,114.77249908447266,114.87871097373963,114.74380595970155,123.0,116.40699768066406,-0.053601644872649845,-0.013375477742448405,-0.0006747879031613335,-0.001174325624779371,0.0005,-0.001674325624779371,LOSS,110581.73735213572,0.10581737352135723
31,2022-05-11,BUY_OPEN,SELL_CLOSE,108.10350036621094,105.37200164794922,108.1305262413025,105.34565864753723,111.25,108.85900115966795,-0.021492124407479052,-0.006940177526972624,-0.025267440082962223,-0.02575468455180363,0.0005,-0.02625468455180363,LOSS,107678.448720765,0.07678448720764997
32,2022-05-12,BUY_OPEN,SELL_CLOSE,102.75,106.93049621582033,102.7756875,106.90376359176638,108.10350036621094,105.37200164794922,-0.025267440082962223,-0.02488328594828637,0.040686094557861985,0.04016588156383172,0.0005,0.03966588156383172,WIN,111949.60931469999,0.11949609314699994
33,2022-05-19,BUY_OPEN,SELL_CLOSE,106.28050231933594,107.31900024414062,106.30707244491578,107.2921704940796,111.4394989013672,107.1125030517578,-0.038828206266784626,-0.007767540751240087,0.00977129296664736,0.009266533510028374,0.0005,0.008766533510028374,WIN,112931.01931619189,0.12931019316191894
34,2022-06-10,BUY_OPEN,SELL_CLOSE,113.41999816894533,109.6500015258789,113.44835316848757,109.62258902549743,119.98999786376952,116.1500015258789,-0.03200263693854166,-0.02350411813232145,-0.0332392585428436,-0.03372251809868332,0.0005,-0.03422251809868332,LOSS,109066.23546374077,0.09066235463740768
35,2022-06-13,BUY_OPEN,SELL_CLOSE,104.19000244140624,103.66999816894533,104.2160499420166,103.6440806694031,113.41999816894533,109.6500015258789,-0.0332392585428436,-0.0497947925991048,-0.0049909229319132775,-0.005488303125398941,0.0005,-0.005988303125398942,LOSS,108413.11378503776,0.08413113785037751
36,2022-06-29,BUY_OPEN,SELL_CLOSE,107.37999725341795,108.91999816894533,107.40684225273132,108.8927681694031,113.5,107.4000015258789,-0.053744479948203416,-0.00018625951747430758,0.014341599505659719,0.013834555466916587,0.0005,0.013334555466916587,WIN,109858.75446414547,0.0985875446414548
37,2022-07-13,BUY_OPEN,SELL_CLOSE,107.02999877929688,110.4000015258789,107.05675627899171,110.37240152549744,112.16000366210938,109.22000122070312,-0.026212574406320743,-0.02005129478968659,0.031486525133305854,0.030970910774328786,0.0005,0.030470910774328785,WIN,113206.25076920136,0.13206250769201366
38,2022-08-29,BUY_OPEN,SELL_CLOSE,129.89999389648438,129.7899932861328,129.9324688949585,129.7575457878113,136.5500030517578,130.75,-0.04247530517856801,-0.006501002703752423,-0.0008468099732107381,-0.001346261705291063,0.0005,-0.001846261705291063,LOSS,112997.24240360662,0.12997242403606624
39,2022-09-01,BUY_OPEN,SELL_CLOSE,126.0,127.81999969482422,126.03150000000001,127.78804469490052,129.4499969482422,126.7699966430664,-0.020702976966830877,-0.006073965949801252,0.01444444202241435,0.01393734657526502,0.0005,0.013437346575265019,WIN,114515.62551183312,0.1451562551183312
40,2022-09-22,BUY_OPEN,SELL_CLOSE,117.08000183105467,117.30999755859376,117.10927183151244,117.28067005920411,122.48999786376952,118.54000091552734,-0.03224750605870097,-0.0123165098126925,0.0019644322167928774,0.001463575214934787,0.0005,0.0009635752149347869,WIN,114625.96993029908,0.14625969930299076
41,2022-09-28,BUY_OPEN,SELL_CLOSE,114.37999725341795,118.01000213623048,114.40859225273132,117.98049963569643,117.1999969482422,114.41000366210938,-0.023805404085163406,-0.00026227084809860024,0.03173636098950028,0.0312206217438169,0.0005,0.0307206217438169,WIN,118147.35099454594,0.1814735099454594
42,2022-10-19,BUY_OPEN,SELL_CLOSE,114.70999908447266,115.06999969482422,114.73867658424379,115.04123219490052,119.05999755859376,116.36000061035156,-0.022677616358201536,-0.014180143668133693,0.0031383542256544494,0.00263691040949543,0.0005,0.00213691040949543,WIN,118399.8212987405,0.18399821298740493
43,2022-11-16,BUY_OPEN,SELL_CLOSE,96.8499984741211,97.12000274658205,96.87421097373964,97.0957227458954,103.20999908447266,98.94000244140624,-0.041371927923103846,-0.021123953059561273,0.002787860368764994,0.002286591755733758,0.0005,0.0017865917557337578,WIN,118611.35344335319,0.18611353443353185
44,2022-12-06,BUY_OPEN,SELL_CLOSE,90.5,88.25,90.522625,88.2279375,93.0500030517578,91.01000213623048,-0.021923706057189407,-0.005603803145362796,-0.024861878453038666,-0.025349325652012533,0.0005,-0.025849325652012534,LOSS,115545.32994216999,0.15545329942169994
45,2022-12-23,BUY_OPEN,SELL_CLOSE,83.25,85.25,83.2708125,85.2286875,85.5199966430664,83.79000091552734,-0.020229136990726482,-0.00644469399244596,0.024024024024023927,0.023512139983022262,0.0005,0.02301213998302226,WIN,118204.27524918372,0.1820427524918371
46,2022-12-28,BUY_OPEN,SELL_CLOSE,82.80000305175781,81.81999969482422,82.82070305252076,81.79954469490052,84.97000122070312,83.04000091552734,-0.022713902288441168,-0.0028901476532215975,-0.011835788898715394,-0.012329747514612022,0.0005,-0.012829747514612022,LOSS,116687.74424258899,0.16687744242588987
47,2023-01-06,BUY_OPEN,SELL_CLOSE,83.02999877929688,86.08000183105469,83.05075627899171,86.05848183059693,85.33000183105469,83.12000274658203,-0.025899437912215717,-0.0010828195898833215,0.03673374800191276,0.03621551068724038,0.0005,0.03571551068724038,WIN,120855.30661915516,0.20855306619155156
48,2023-02-10,BUY_OPEN,SELL_CLOSE,97.55999755859376,97.61000061035156,97.58438755798342,97.58559811019897,101.31999969482422,98.23999786376952,-0.030398754839436104,-0.0069218273611805214,0.000512536418707521,1.2405183307029333e-05,0.0005,-0.0004875948166929707,LOSS,120796.37819807783,0.20796378198077825
49,2023-03-13,BUY_OPEN,SELL_CLOSE,89.97000122070312,92.43000030517578,89.9924937210083,92.40689280509949,92.66999816894533,90.7300033569336,-0.02093444318920734,-0.00837652494335972,0.027342436935597014,0.026828894102837397,0.0005,0.026328894102837397,WIN,123976.81324766132,0.23976813247661322
50,2023-04-06,BUY_OPEN,SELL_CLOSE,100.75,102.05999755859376,100.77518750000002,102.03448255920412,103.91000366210938,101.0999984741211,-0.02704268202247162,-0.003461903851667114,0.01300245715725823,0.012496082522338137,0.0005,0.011996082522338136,WIN,125464.04933023678,0.2546404933023678
51,2023-05-01,BUY_OPEN,SELL_CLOSE,104.9499969482422,102.0500030517578,104.97623444747927,102.02449055099486,107.7300033569336,105.4499969482422,-0.021164079992991525,-0.0047415838261750665,-0.027632148459371342,-0.02811821086953925,0.0005,-0.02861821086953925,LOSS,121873.49270995779,0.21873492709957798
52,2023-05-02,BUY_OPEN,SELL_CLOSE,101.47000122070312,103.62999725341795,101.4953687210083,103.6040897541046,104.9499969482422,102.0500030517578,-0.027632148459371342,-0.005683506258794546,0.02128704057090447,0.0207765246795919,0.0005,0.0202765246795919,WIN,124344.66359267932,0.24344663592679328
53,2023-09-21,BUY_OPEN,SELL_CLOSE,131.94000244140625,129.3300018310547,131.9729874420166,129.29766933059693,138.5500030517578,135.2899932861328,-0.023529481730918178,-0.024761556737174728,-0.01978172322310401,-0.020271709864831955,0.0005,-0.020771709864831955,LOSS,121761.81231729206,0.21761812317292062
54,2023-09-27,BUY_OPEN,SELL_CLOSE,125.76000213623048,125.9800033569336,125.79144213676454,125.94850835609437,130.1199951171875,125.9800033569336,-0.03181672237633715,-0.0017463185810512316,0.0017493735445772707,0.0012486240451798913,0.0005,0.0007486240451798913,WIN,121852.96613777748,0.21852966137777474
55,2023-10-23,BUY_OPEN,SELL_CLOSE,124.62999725341795,126.55999755859376,124.66115475273132,126.52835755920412,128.0500030517578,125.16999816894533,-0.02249125196544033,-0.004314140156801094,0.015485840870648637,0.014978224854217403,0.0005,0.014478224854217403,WIN,123617.18078067356,0.23617180780673563
56,2023-10-26,BUY_OPEN,SELL_CLOSE,120.62999725341795,119.56999969482422,120.66015475273132,119.54010719490051,126.04000091552734,121.38999938964844,-0.03689306166377582,-0.006260829887567265,-0.0087871804918217,-0.009282663030941052,0.0005,-0.009782663030941052,LOSS,122407.87555626131,0.22407875556261314
57,2023-11-16,BUY_OPEN,SELL_CLOSE,140.91000366210938,142.8300018310547,140.9452311630249,142.79429433059693,147.05999755859375,143.1999969482422,-0.026247794603788233,-0.01599157356798342,0.013625705195135174,0.013119019014082856,0.0005,0.012619019014082855,WIN,123952.54286537926,0.23952542865379267
58,2024-04-16,BUY_OPEN,SELL_CLOSE,183.2700042724609,183.32000732421875,183.31582177352905,183.2741773223877,187.42999267578125,183.6199951171875,-0.02032757673519381,-0.0019060606362788501,0.0002728381655052736,-0.00022717325072363348,0.0005,-0.0007271732507236335,LOSS,123862.40789184839,0.23862407891848392
59,2024-07-12,BUY_OPEN,SELL_CLOSE,194.8000030517578,194.4900054931641,194.84870305252076,194.44138299179082,200.08999633789065,195.0500030517578,-0.02518863200747845,-0.0012817226151679018,-0.0015913632122036558,-0.0020904427607103537,0.0005,-0.0025904427607103537,LOSS,123541.54941400082,0.23541549414000817
60,2024-07-19,BUY_OPEN,SELL_CLOSE,181.13999938964844,183.1300048828125,181.18528438949588,183.08422238159181,189.58999633789065,183.75,-0.030803293690045308,-0.01420408495429426,0.010986008059342911,0.010480641396978907,0.0005,0.009980641396978907,WIN,124774.5733163291,0.24774573316329107
61,2024-08-02,BUY_OPEN,SELL_CLOSE,166.75,167.89999389648438,166.79168750000002,167.85801889801027,189.2899932861328,184.07000732421875,-0.0275766609279946,-0.09409467395582538,0.006896515121345592,0.006393192694391647,0.0005,0.005893192694391647,WIN,125509.89392024274,0.25509893920242743
62,2024-11-22,BUY_OPEN,SELL_CLOSE,198.25,197.1199951171875,198.2995625,197.0707151184082,203.4900054931641,198.3800048828125,-0.025111801427138203,-0.0006553325920588549,-0.00569989852616648,-0.006196924320454822,0.0005,-0.006696924320454822,LOSS,124669.36365919057,0.24669363659190569
63,2025-02-25,BUY_OPEN,SELL_CLOSE,211.6300048828125,212.8000030517578,211.68291238403322,212.74680305099488,217.4499969482422,212.7100067138672,-0.021798069905253792,-0.00507734378715663,0.005528507971226393,0.005025869376889425,0.0005,0.004525869376889424,WIN,125233.600914412,0.25233600914412
64,2025-02-28,BUY_OPEN,SELL_CLOSE,208.6499938964844,212.27999877929688,208.70215639495854,212.22692877960205,218.3500061035156,208.7400054931641,-0.044011909053007225,-0.00043121392311473716,0.01739757962616273,0.016889007979261406,0.0005,0.016389007979261405,WIN,127286.05539906994,0.2728605539906994
65,2025-03-04,BUY_OPEN,SELL_CLOSE,200.1100006103516,203.8000030517578,200.1600281105042,203.7490530509949,213.3500061035156,205.0200042724609,-0.03904383216662788,-0.023948900398929718,0.01843987022213489,0.017930777560189348,0.0005,0.017430777560189348,WIN,129504.75031724507,0.29504750317245065
66,2025-03-27,BUY_OPEN,SELL_CLOSE,200.88999938964844,201.3600006103516,200.94022188949586,201.30966061019902,205.83999633789065,201.1300048828125,-0.02288180887521296,-0.0011932853743223948,0.0023395949132913874,0.001838550376968895,0.0005,0.0013385503769688949,WIN,129678.09894960147,0.2967809894960147
67,2025-03-31,BUY_OPEN,SELL_CLOSE,188.19000244140625,190.259994506836,188.23704994201663,190.21242950820928,198.4199981689453,192.72000122070312,-0.028726927733306984,-0.0235055975020938,0.010999479454676386,0.010494106058297925,0.0005,0.009994106058297925,WIN,130974.11562394226,0.30974115623942255
68,2025-04-04,BUY_OPEN,SELL_CLOSE,167.14999389648438,171.0,167.1917813949585,170.95725000000002,183.0,178.41000366210938,-0.025081947201588073,-0.063113107642497,0.023033241065506305,0.022521852292166855,0.0005,0.022021852292166855,WIN,133858.4082523099,0.338584082523099
69,2025-04-11,BUY_OPEN,SELL_CLOSE,179.92999267578125,184.8699951171875,179.9749751739502,184.8237776184082,185.44000244140625,181.22000122070312,-0.02275669308210093,-0.007118466704736481,0.027455136122345847,0.02694153695407664,0.0005,0.02644153695407664,WIN,137397.83030072722,0.3739783030072721
70,2025-04-15,BUY_OPEN,SELL_CLOSE,181.4100036621093,179.58999633789062,181.45535616302485,179.54509883880615,186.83999633789065,182.1199951171875,-0.025262263504690297,-0.0038984816281230072,-0.01003256318548218,-0.010527423188888774,0.0005,-0.011027423188888774,LOSS,135882.68628076598,0.35882686280765985
71,2025-11-07,BUY_OPEN,SELL_CLOSE,242.8999938964844,244.4100036621093,242.96071889495855,244.34890116119377,249.1600036621093,243.0399932861328,-0.02456257138395268,-0.0005760343709505511,0.0062165903810949,0.005713607831541623,0.0005,0.005213607831541622,WIN,136591.1253181303,0.36591125318130313
72,2025-11-13,BUY_OPEN,SELL_CLOSE,243.0500030517578,237.5800018310547,243.11076555252077,237.52060683059693,250.2400054931641,244.1999969482422,-0.024136862261565528,-0.004709229774184309,-0.022505662012019312,-0.02299428702476014,0.0005,-0.02349428702476014,LOSS,133382.0142148712,0.3338201421487119
73,2025-11-14,BUY_OPEN,SELL_CLOSE,235.0599975585937,234.69000244140625,235.11876255798336,234.6313299407959,243.0500030517578,237.5800018310547,-0.022505662012019312,-0.010606971348762761,-0.0015740454395912762,-0.002073133644820313,0.0005,-0.002573133644820313,LOSS,133038.80446648103,0.3303880446648102
74,2025-11-21,BUY_OPEN,SELL_CLOSE,216.3500061035156,220.69000244140625,216.40409360504148,220.6348299407959,227.0500030517578,217.13999938964844,-0.04364678938079691,-0.003638174856559817,0.02006007032795787,0.019550167768433768,0.0005,0.019050167768433768,WIN,135573.21601127935,0.3557321601127934
75,2026-02-05,BUY_OPEN,SELL_CLOSE,224.9100036621093,222.69000244140625,224.96623116302484,222.6343299407959,238.8600006103516,232.9900054931641,-0.02457504438662017,-0.034679607024138526,-0.009870620179430634,-0.010365561134102363,0.0005,-0.010865561134102364,LOSS,134100.1369445619,0.3410013694456191
76,2026-02-13,BUY_OPEN,SELL_CLOSE,198.8800048828125,198.7899932861328,198.92972488403322,198.74029578781128,203.9600067138672,199.6000061035156,-0.02137674282619617,-0.0036072204343005065,-0.0004525924902945011,-0.0009522412818515624,0.0005,-0.0014522412818515624,LOSS,133905.39118978908,0.3390539118978908
77,2026-06-11,BUY_OPEN,SELL_CLOSE,237.92999267578125,241.509994506836,237.9894751739502,241.4496170082093,243.6100006103516,238.0,-0.023028613752703264,-0.00029414842108721473,0.015046450389855082,0.014539054013754216,0.0005,0.014039054013754215,WIN,135785.29620943542,0.35785296209435424
78,2026-06-23,BUY_OPEN,SELL_CLOSE,232.5500030517578,234.1100006103516,232.60814055252078,234.051473110199,240.0800018310547,232.7899932861328,-0.030364913734263865,-0.0010309302001655363,0.006708224201771307,0.006204995896746501,0.0005,0.005704995896746501,WIN,136559.95076714878,0.36559950767148774
79,2026-07-17,BUY_OPEN,SELL_CLOSE,244.4600067138672,247.22999572753903,244.52112171554566,247.16818822860716,255.1199951171875,249.88999938964844,-0.02050014043445203,-0.021729531750145692,0.011331051859595265,0.010825512718450891,0.0005,0.010325512718450891,WIN,137970.002275626,0.3797000227562599
